{"error": null, "params": {"dates": [{"endDate": "02-29-2020", "startDate": "02-01-2020", "yearRange": [1980, 2050]}], "layers": [{"layer": "View_Time", "product": "VNP21A1N.001"}, {"layer": "QC", "product": "VNP21A1N.001"}, {"layer": "Emis_16", "product": "VNP21A1N.001"}, {"layer": "Emis_14", "product": "VNP21A1N.001"}, {"layer": "Emis_15", "product": "VNP21A1N.001"}, {"layer": "View_Angle", "product": "VNP21A1N.001"}, {"layer": "LST_1KM", "product": "VNP21A1N.001"}], "coordinates": [{"id": "pit2s10", "category": "grandmesa", "latitude": 39.0195, "longitude": -108.1923}, {"id": "westmet", "category": "grandmesa", "latitude": 39.0339, "longitude": -108.214}]}, "status": "processing", "created": "2021-01-03T17:36:37.970591", "task_id": "f09b2274-9bdb-4667-8cc6-6dbf13c0ae18", "updated": "2021-01-03T17:36:40.005456", "user_id": "spestana@uw.edu", "estimate": {"request_size": 58}, "retry_at": null, "has_swath": false, "task_name": "SnowPit2S10_VIIRS_Night", "task_type": "point", "api_version": null, "svc_version": "2.51", "web_version": "2.51", "size_category": "0", "has_nsidc_daac": false, "expires_on": "2021-02-02T17:36:40.005456", "attempts": 1}
