{"error": null, "params": {"dates": [{"endDate": "02-29-2020", "startDate": "02-01-2020", "yearRange": [1980, 2050]}], "layers": [{"layer": "Clear_day_cov", "product": "MYD11A1.006"}, {"layer": "Clear_night_cov", "product": "MYD11A1.006"}, {"layer": "Day_view_angl", "product": "MYD11A1.006"}, {"layer": "Day_view_time", "product": "MYD11A1.006"}, {"layer": "Emis_31", "product": "MYD11A1.006"}, {"layer": "Emis_32", "product": "MYD11A1.006"}, {"layer": "LST_Day_1km", "product": "MYD11A1.006"}, {"layer": "LST_Night_1km", "product": "MYD11A1.006"}, {"layer": "Night_view_angl", "product": "MYD11A1.006"}, {"layer": "Night_view_time", "product": "MYD11A1.006"}, {"layer": "QC_Day", "product": "MYD11A1.006"}, {"layer": "QC_Night", "product": "MYD11A1.006"}], "coordinates": [{"id": "pit2s10", "category": "grandmesa", "latitude": 39.0195, "longitude": -108.1923}, {"id": "westmet", "category": "grandmesa", "latitude": 39.0339, "longitude": -108.214}]}, "status": "processing", "created": "2021-01-03T17:37:52.622851", "task_id": "1a6f1d05-8cfa-4af9-b8e3-f230e42ecc00", "updated": "2021-01-03T17:37:55.474193", "user_id": "spestana@uw.edu", "estimate": {"request_size": 58}, "retry_at": null, "has_swath": false, "task_name": "SnowPit2S10_MODIS_Aqua", "task_type": "point", "api_version": null, "svc_version": "2.51", "web_version": "2.51", "size_category": "0", "has_nsidc_daac": false, "expires_on": "2021-02-02T17:37:55.474193", "attempts": 1}
