{"error": null, "params": {"dates": [{"endDate": "02-29-2020", "startDate": "02-01-2020", "yearRange": [1980, 2050]}], "layers": [{"layer": "LST_1KM", "product": "VNP21A1D.001"}, {"layer": "View_Angle", "product": "VNP21A1D.001"}, {"layer": "View_Time", "product": "VNP21A1D.001"}, {"layer": "QC", "product": "VNP21A1D.001"}, {"layer": "Emis_14", "product": "VNP21A1D.001"}, {"layer": "Emis_15", "product": "VNP21A1D.001"}, {"layer": "Emis_16", "product": "VNP21A1D.001"}], "coordinates": [{"id": "pit2s10", "category": "grandmesa", "latitude": 39.0195, "longitude": -108.1923}, {"id": "westmet", "category": "grandmesa", "latitude": 39.0339, "longitude": -108.214}]}, "status": "processing", "created": "2021-01-03T17:36:00.107841", "task_id": "444f3679-1174-4deb-95a1-fa6edd56694d", "updated": "2021-01-03T17:36:00.729398", "user_id": "spestana@uw.edu", "estimate": {"request_size": 58}, "retry_at": null, "has_swath": false, "task_name": "SnowPit2S10_VIIRS_Day", "task_type": "point", "api_version": null, "svc_version": "2.51", "web_version": "2.51", "size_category": "0", "has_nsidc_daac": false, "expires_on": "2021-02-02T17:36:00.729398", "attempts": 1}
